Normal_test_accuracy,Normal_train_accuracy,Normal_f1_score_binary,Normal_f1_score_micro,Normal_test_auc_score,Normal_train_auc_score,Normal_precision,Normal_recall,Normal_cm,SMOTE_test_accuracy,SMOTE_train_accuracy,SMOTE_f1_score_binary,SMOTE_f1_score_micro,SMOTE_test_auc_score,SMOTE_train_auc_score,SMOTE_precision,SMOTE_recall,SMOTE_cm,GAN_test_accuracy,GAN_train_accuracy,GAN_f1_score_binary,GAN_f1_score_micro,GAN_test_auc_score,GAN_train_auc_score,GAN_precision,GAN_recall,GAN_cm,SGAN_test_accuracy,SGAN_train_accuracy,SGAN_f1_score_binary,SGAN_f1_score_micro,SGAN_test_auc_score,SGAN_train_auc_score,SGAN_precision,SGAN_recall,SGAN_cm,CTGAN_test_accuracy,CTGAN_train_accuracy,CTGAN_f1_score_binary,CTGAN_f1_score_micro,CTGAN_test_auc_score,CTGAN_train_auc_score,CTGAN_precision,CTGAN_recall,CTGAN_cm
0.9858490566037735,0.9973009446693657,0.9230769230769231,0.9858490566037735,0.9918189255522226,0.9998653198653199,0.9,0.9473684210526315,"[[191   2]
 [  1  18]]",0.9811320754716981,0.9985185185185185,0.9,0.9811320754716981,0.9948186528497409,0.9999956104252401,0.8571428571428571,0.9473684210526315,"[[190   3]
 [  1  18]]",0.9858490566037735,0.9985185185185185,0.9230769230769231,0.9858490566037735,0.9964548677392965,0.9999758573388203,0.9,0.9473684210526315,"[[191   2]
 [  1  18]]",0.9811320754716981,0.9985185185185185,0.8947368421052632,0.9811320754716981,0.9942732478865558,0.9999670781893004,0.8947368421052632,0.8947368421052632,"[[191   2]
 [  2  17]]",0.9858490566037735,0.9985185185185185,0.9230769230769231,0.9858490566037735,0.9931824379601853,0.9998880658436213,0.9,0.9473684210526315,"[[191   2]
 [  1  18]]"
