Normal_test_accuracy,Normal_train_accuracy,Normal_f1_score_binary,Normal_f1_score_micro,Normal_test_auc_score,Normal_train_auc_score,Normal_precision,Normal_recall,Normal_cm,SMOTE_test_accuracy,SMOTE_train_accuracy,SMOTE_f1_score_binary,SMOTE_f1_score_micro,SMOTE_test_auc_score,SMOTE_train_auc_score,SMOTE_precision,SMOTE_recall,SMOTE_cm,GAN_test_accuracy,GAN_train_accuracy,GAN_f1_score_binary,GAN_f1_score_micro,GAN_test_auc_score,GAN_train_auc_score,GAN_precision,GAN_recall,GAN_cm,SGAN_test_accuracy,SGAN_train_accuracy,SGAN_f1_score_binary,SGAN_f1_score_micro,SGAN_test_auc_score,SGAN_train_auc_score,SGAN_precision,SGAN_recall,SGAN_cm,CTGAN_test_accuracy,CTGAN_train_accuracy,CTGAN_f1_score_binary,CTGAN_f1_score_micro,CTGAN_test_auc_score,CTGAN_train_auc_score,CTGAN_precision,CTGAN_recall,CTGAN_cm
0.9858490824699402,0.973009467124939,0.9142857142857143,0.9858490566037735,0.9931824207305908,0.914556622505188,1.0,0.8421052631578947,"[[193   0]
 [  3  16]]",0.9905660152435303,0.9162963032722473,0.9473684210526315,0.9905660377358491,0.9955003261566162,0.9310079216957092,0.9473684210526315,0.9473684210526315,"[[192   1]
 [  1  18]]",0.9952830076217651,0.936296284198761,0.972972972972973,0.9952830188679245,0.9916825294494629,0.98944091796875,1.0,0.9473684210526315,"[[193   0]
 [  1  18]]",0.9811320900917053,0.9822221994400024,0.9,0.9811320754716981,0.9964548945426941,0.9835290908813477,0.8571428571428571,0.9473684210526315,"[[190   3]
 [  1  18]]",0.9858490824699402,0.9525926113128662,0.9142857142857143,0.9858490566037735,0.996318519115448,0.9797465205192566,1.0,0.8421052631578947,"[[193   0]
 [  3  16]]"
