Normal_test_accuracy,Normal_train_accuracy,Normal_f1_score_binary,Normal_f1_score_micro,Normal_test_auc_score,Normal_train_auc_score,Normal_precision,Normal_recall,Normal_cm,SMOTE_test_accuracy,SMOTE_train_accuracy,SMOTE_f1_score_binary,SMOTE_f1_score_micro,SMOTE_test_auc_score,SMOTE_train_auc_score,SMOTE_precision,SMOTE_recall,SMOTE_cm,GAN_test_accuracy,GAN_train_accuracy,GAN_f1_score_binary,GAN_f1_score_micro,GAN_test_auc_score,GAN_train_auc_score,GAN_precision,GAN_recall,GAN_cm,SGAN_test_accuracy,SGAN_train_accuracy,SGAN_f1_score_binary,SGAN_f1_score_micro,SGAN_test_auc_score,SGAN_train_auc_score,SGAN_precision,SGAN_recall,SGAN_cm,CTGAN_test_accuracy,CTGAN_train_accuracy,CTGAN_f1_score_binary,CTGAN_f1_score_micro,CTGAN_test_auc_score,CTGAN_train_auc_score,CTGAN_precision,CTGAN_recall,CTGAN_cm
0.9811320754716981,0.979757085020243,0.8823529411764706,0.9811320754716981,0.9454595036814836,0.996307519640853,1.0,0.7894736842105263,"[[193   0]
 [  4  15]]",0.9716981132075472,0.9866666666666667,0.8333333333333333,0.9716981132075472,0.9430051813471503,0.9996181069958848,0.8823529411764706,0.7894736842105263,"[[191   2]
 [  4  15]]",0.9716981132075472,0.9874074074074074,0.8333333333333333,0.9716981132075472,0.9421870739023727,0.999524828532236,0.8823529411764706,0.7894736842105263,"[[191   2]
 [  4  15]]",0.9811320754716981,0.9881481481481481,0.8888888888888888,0.9811320754716981,0.9451868011998911,0.999603840877915,0.9411764705882353,0.8421052631578947,"[[192   1]
 [  3  16]]",0.9669811320754716,0.9644444444444444,0.8108108108108109,0.9669811320754716,0.9390509953640578,0.9977371742112482,0.8333333333333334,0.7894736842105263,"[[190   3]
 [  4  15]]"
