Normal_test_accuracy,Normal_train_accuracy,Normal_f1_score_binary,Normal_f1_score_micro,Normal_test_auc_score,Normal_train_auc_score,Normal_precision,Normal_recall,Normal_cm,SMOTE_test_accuracy,SMOTE_train_accuracy,SMOTE_f1_score_binary,SMOTE_f1_score_micro,SMOTE_test_auc_score,SMOTE_train_auc_score,SMOTE_precision,SMOTE_recall,SMOTE_cm,GAN_test_accuracy,GAN_train_accuracy,GAN_f1_score_binary,GAN_f1_score_micro,GAN_test_auc_score,GAN_train_auc_score,GAN_precision,GAN_recall,GAN_cm,SGAN_test_accuracy,SGAN_train_accuracy,SGAN_f1_score_binary,SGAN_f1_score_micro,SGAN_test_auc_score,SGAN_train_auc_score,SGAN_precision,SGAN_recall,SGAN_cm,CTGAN_test_accuracy,CTGAN_train_accuracy,CTGAN_f1_score_binary,CTGAN_f1_score_micro,CTGAN_test_auc_score,CTGAN_train_auc_score,CTGAN_precision,CTGAN_recall,CTGAN_cm
0.9858490566037735,0.9932523616734144,0.918918918918919,0.9858490566037735,0.994955004090537,0.9996408529741863,0.9444444444444444,0.8947368421052632,"[[192   1]
 [  2  17]]",0.9858490566037735,0.9903703703703703,0.9268292682926829,0.9858490566037735,0.9944095991273519,0.9997300411522634,0.8636363636363636,1.0,"[[190   3]
 [  0  19]]",0.9858490566037735,0.9977777777777778,0.918918918918919,0.9858490566037735,0.994409599127352,0.9999747599451303,0.9444444444444444,0.8947368421052632,"[[192   1]
 [  2  17]]",0.9811320754716981,0.997037037037037,0.8888888888888888,0.9811320754716981,0.9941368966457595,0.9999780521262004,0.9411764705882353,0.8421052631578947,"[[192   1]
 [  3  16]]",0.9811320754716981,0.9955555555555555,0.8888888888888888,0.9811320754716981,0.994409599127352,0.9999561042524004,0.9411764705882353,0.8421052631578947,"[[192   1]
 [  3  16]]"
