Normal_test_accuracy,Normal_train_accuracy,Normal_f1_score_binary,Normal_f1_score_micro,Normal_test_auc_score,Normal_train_auc_score,Normal_precision,Normal_recall,Normal_cm,SMOTE_test_accuracy,SMOTE_train_accuracy,SMOTE_f1_score_binary,SMOTE_f1_score_micro,SMOTE_test_auc_score,SMOTE_train_auc_score,SMOTE_precision,SMOTE_recall,SMOTE_cm,GAN_test_accuracy,GAN_train_accuracy,GAN_f1_score_binary,GAN_f1_score_micro,GAN_test_auc_score,GAN_train_auc_score,GAN_precision,GAN_recall,GAN_cm,SGAN_test_accuracy,SGAN_train_accuracy,SGAN_f1_score_binary,SGAN_f1_score_micro,SGAN_test_auc_score,SGAN_train_auc_score,SGAN_precision,SGAN_recall,SGAN_cm,CTGAN_test_accuracy,CTGAN_train_accuracy,CTGAN_f1_score_binary,CTGAN_f1_score_micro,CTGAN_test_auc_score,CTGAN_train_auc_score,CTGAN_precision,CTGAN_recall,CTGAN_cm
0.9339622641509434,0.9541160593792173,0.6956521739130435,0.9339622641509434,0.9582765203163348,0.966936026936027,0.5925925925925926,0.8421052631578947,"[[182  11]
 [  3  16]]",0.9339622641509434,0.92,0.6956521739130435,0.9339622641509434,0.9590946277611125,0.9659083676268863,0.5925925925925926,0.8421052631578947,"[[182  11]
 [  3  16]]",0.9481132075471698,0.9762962962962963,0.744186046511628,0.9481132075471698,0.9282792473411507,0.9909717421124828,0.6666666666666666,0.8421052631578947,"[[185   8]
 [  3  16]]",0.9481132075471698,0.9762962962962963,0.744186046511628,0.9481132075471698,0.9514589582765203,0.9917673525377229,0.6666666666666666,0.8421052631578947,"[[185   8]
 [  3  16]]",0.9481132075471698,0.9688888888888889,0.744186046511628,0.9481132075471698,0.9735478592855196,0.9927484224965707,0.6666666666666666,0.8421052631578947,"[[185   8]
 [  3  16]]"
