Normal_test_accuracy,Normal_train_accuracy,Normal_f1_score_binary,Normal_f1_score_micro,Normal_test_auc_score,Normal_train_auc_score,Normal_precision,Normal_recall,Normal_cm,SMOTE_test_accuracy,SMOTE_train_accuracy,SMOTE_f1_score_binary,SMOTE_f1_score_micro,SMOTE_test_auc_score,SMOTE_train_auc_score,SMOTE_precision,SMOTE_recall,SMOTE_cm,GAN_test_accuracy,GAN_train_accuracy,GAN_f1_score_binary,GAN_f1_score_micro,GAN_test_auc_score,GAN_train_auc_score,GAN_precision,GAN_recall,GAN_cm,SGAN_test_accuracy,SGAN_train_accuracy,SGAN_f1_score_binary,SGAN_f1_score_micro,SGAN_test_auc_score,SGAN_train_auc_score,SGAN_precision,SGAN_recall,SGAN_cm,CTGAN_test_accuracy,CTGAN_train_accuracy,CTGAN_f1_score_binary,CTGAN_f1_score_micro,CTGAN_test_auc_score,CTGAN_train_auc_score,CTGAN_precision,CTGAN_recall,CTGAN_cm
0.9103773832321167,0.9109311699867249,0.0,0.910377358490566,0.9701391458511353,0.9155106544494629,,0.0,"[[193   0]
 [ 19   0]]",0.9811320900917053,0.9259259104728699,0.9047619047619047,0.9811320754716981,0.9903190732002258,0.9451094269752502,0.8260869565217391,1.0,"[[189   4]
 [  0  19]]",0.9575471878051758,0.821481466293335,0.7692307692307692,0.9575471698113207,0.9701390862464905,0.9563500285148621,0.75,0.7894736842105263,"[[188   5]
 [  4  15]]",0.9103773832321167,0.665925920009613,0.3448275862068966,0.910377358490566,0.9496863484382629,0.9439714550971985,0.5,0.2631578947368421,"[[188   5]
 [ 14   5]]",0.9339622855186462,0.8318518400192261,0.6956521739130435,0.9339622641509434,0.9575947523117065,0.9342485070228577,0.5925925925925926,0.8421052631578947,"[[182  11]
 [  3  16]]"
