Normal_test_accuracy,Normal_train_accuracy,Normal_f1_score_binary,Normal_f1_score_micro,Normal_test_auc_score,Normal_train_auc_score,Normal_precision,Normal_recall,Normal_cm,SMOTE_test_accuracy,SMOTE_train_accuracy,SMOTE_f1_score_binary,SMOTE_f1_score_micro,SMOTE_test_auc_score,SMOTE_train_auc_score,SMOTE_precision,SMOTE_recall,SMOTE_cm,GAN_test_accuracy,GAN_train_accuracy,GAN_f1_score_binary,GAN_f1_score_micro,GAN_test_auc_score,GAN_train_auc_score,GAN_precision,GAN_recall,GAN_cm,SGAN_test_accuracy,SGAN_train_accuracy,SGAN_f1_score_binary,SGAN_f1_score_micro,SGAN_test_auc_score,SGAN_train_auc_score,SGAN_precision,SGAN_recall,SGAN_cm,CTGAN_test_accuracy,CTGAN_train_accuracy,CTGAN_f1_score_binary,CTGAN_f1_score_micro,CTGAN_test_auc_score,CTGAN_train_auc_score,CTGAN_precision,CTGAN_recall,CTGAN_cm
0.9952830076217651,0.9770580530166626,0.972972972972973,0.9952830188679245,0.9706844687461853,0.9401683807373047,1.0,0.9473684210526315,"[[193   0]
 [  1  18]]",0.9716981053352356,0.9459259510040283,0.8571428571428571,0.9716981132075472,0.9813198447227478,0.9677014946937561,0.782608695652174,0.9473684210526315,"[[188   5]
 [  1  18]]",0.9292452931404114,0.9459259510040283,0.7058823529411765,0.9292452830188679,0.9691847562789917,0.9849591255187988,0.5625,0.9473684210526315,"[[179  14]
 [  1  18]]",0.9905660152435303,0.9866666793823242,0.9473684210526315,0.9905660377358491,0.9805017709732056,0.9937722682952881,0.9473684210526315,0.9473684210526315,"[[192   1]
 [  1  18]]",0.9292452931404114,0.9459259510040283,0.7058823529411765,0.9292452830188679,0.9578675031661987,0.9836345911026001,0.5625,0.9473684210526315,"[[179  14]
 [  1  18]]"
