Normal_test_accuracy,Normal_train_accuracy,Normal_f1_score_binary,Normal_f1_score_micro,Normal_test_auc_score,Normal_train_auc_score,Normal_precision,Normal_recall,Normal_cm,SMOTE_test_accuracy,SMOTE_train_accuracy,SMOTE_f1_score_binary,SMOTE_f1_score_micro,SMOTE_test_auc_score,SMOTE_train_auc_score,SMOTE_precision,SMOTE_recall,SMOTE_cm,GAN_test_accuracy,GAN_train_accuracy,GAN_f1_score_binary,GAN_f1_score_micro,GAN_test_auc_score,GAN_train_auc_score,GAN_precision,GAN_recall,GAN_cm,SGAN_test_accuracy,SGAN_train_accuracy,SGAN_f1_score_binary,SGAN_f1_score_micro,SGAN_test_auc_score,SGAN_train_auc_score,SGAN_precision,SGAN_recall,SGAN_cm,CTGAN_test_accuracy,CTGAN_train_accuracy,CTGAN_f1_score_binary,CTGAN_f1_score_micro,CTGAN_test_auc_score,CTGAN_train_auc_score,CTGAN_precision,CTGAN_recall,CTGAN_cm
0.9716981132075472,0.9838056680161943,0.8333333333333333,0.9716981132075472,0.9162803381510771,0.9972615039281706,0.8823529411764706,0.7894736842105263,"[[191   2]
 [  4  15]]",0.9716981132075472,0.9837037037037037,0.8421052631578947,0.9716981132075472,0.9165530406326697,0.9994644718792867,0.8421052631578947,0.8421052631578947,"[[190   3]
 [  3  16]]",0.9716981132075472,0.9911111111111112,0.8333333333333333,0.9716981132075472,0.9165530406326697,0.9997179698216735,0.8823529411764706,0.7894736842105263,"[[191   2]
 [  4  15]]",0.9716981132075472,0.9911111111111112,0.8333333333333333,0.9716981132075472,0.9162803381510771,0.9997278463648833,0.8823529411764706,0.7894736842105263,"[[191   2]
 [  4  15]]",0.9716981132075472,0.9762962962962963,0.8333333333333333,0.9716981132075472,0.9162803381510771,0.998877366255144,0.8823529411764706,0.7894736842105263,"[[191   2]
 [  4  15]]"
