Normal_test_accuracy,Normal_train_accuracy,Normal_f1_score_binary,Normal_f1_score_micro,Normal_test_auc_score,Normal_train_auc_score,Normal_precision,Normal_recall,Normal_cm,SMOTE_test_accuracy,SMOTE_train_accuracy,SMOTE_f1_score_binary,SMOTE_f1_score_micro,SMOTE_test_auc_score,SMOTE_train_auc_score,SMOTE_precision,SMOTE_recall,SMOTE_cm,GAN_test_accuracy,GAN_train_accuracy,GAN_f1_score_binary,GAN_f1_score_micro,GAN_test_auc_score,GAN_train_auc_score,GAN_precision,GAN_recall,GAN_cm,SGAN_test_accuracy,SGAN_train_accuracy,SGAN_f1_score_binary,SGAN_f1_score_micro,SGAN_test_auc_score,SGAN_train_auc_score,SGAN_precision,SGAN_recall,SGAN_cm,CTGAN_test_accuracy,CTGAN_train_accuracy,CTGAN_f1_score_binary,CTGAN_f1_score_micro,CTGAN_test_auc_score,CTGAN_train_auc_score,CTGAN_precision,CTGAN_recall,CTGAN_cm
0.7906666666666666,0.8415238095238096,0.4174397031539889,0.7906666666666666,0.6965231489850705,0.8797186812116393,0.5428226779252111,0.33911077618688773,"[[4294  379]
 [ 877  450]]",0.6711666666666667,0.8601650871293183,0.44438186426358767,0.6711666666666667,0.6839862017383771,0.955576912849933,0.3547661870503597,0.5945742275810098,"[[3238 1435]
 [ 538  789]]",0.7903333333333333,0.8980434118006726,0.4181313598519889,0.7903333333333333,0.6966388548042749,0.9656985519150019,0.5413173652694611,0.34061793519216277,"[[4290  383]
 [ 875  452]]",0.7905,0.898257413634974,0.4172461752433936,0.7905,0.6968293057763731,0.9658254108789421,0.5421686746987951,0.33911077618688773,"[[4293  380]
 [ 877  450]]",0.7818333333333334,0.8698257413634974,0.45662100456621,0.7818333333333335,0.7073681304406932,0.9501207249986238,0.5083179297597042,0.41446872645064053,"[[4141  532]
 [ 777  550]]"
