Normal_test_accuracy,Normal_train_accuracy,Normal_f1_score_binary,Normal_f1_score_micro,Normal_test_auc_score,Normal_train_auc_score,Normal_precision,Normal_recall,Normal_cm,SMOTE_test_accuracy,SMOTE_train_accuracy,SMOTE_f1_score_binary,SMOTE_f1_score_micro,SMOTE_test_auc_score,SMOTE_train_auc_score,SMOTE_precision,SMOTE_recall,SMOTE_cm,GAN_test_accuracy,GAN_train_accuracy,GAN_f1_score_binary,GAN_f1_score_micro,GAN_test_auc_score,GAN_train_auc_score,GAN_precision,GAN_recall,GAN_cm,SGAN_test_accuracy,SGAN_train_accuracy,SGAN_f1_score_binary,SGAN_f1_score_micro,SGAN_test_auc_score,SGAN_train_auc_score,SGAN_precision,SGAN_recall,SGAN_cm,CTGAN_test_accuracy,CTGAN_train_accuracy,CTGAN_f1_score_binary,CTGAN_f1_score_micro,CTGAN_test_auc_score,CTGAN_train_auc_score,CTGAN_precision,CTGAN_recall,CTGAN_cm
0.816793893129771,0.8837719298245614,0.7894736842105264,0.816793893129771,0.8459274952919019,0.964738179772229,0.8181818181818182,0.7627118644067796,"[[62 10]
 [14 45]]",0.816793893129771,0.893574297188755,0.7931034482758621,0.816793893129771,0.842984934086629,0.9701779003564459,0.8070175438596491,0.7796610169491526,"[[61 11]
 [13 46]]",0.8091603053435115,0.8955823293172691,0.782608695652174,0.8091603053435116,0.8459274952919019,0.970210157900679,0.8035714285714286,0.7627118644067796,"[[61 11]
 [14 45]]",0.816793893129771,0.893574297188755,0.7894736842105264,0.816793893129771,0.847339924670433,0.9679682585764746,0.8181818181818182,0.7627118644067796,"[[62 10]
 [14 45]]",0.8244274809160306,0.8835341365461847,0.8034188034188032,0.8244274809160307,0.8560499058380414,0.9637505846679892,0.8103448275862069,0.7966101694915254,"[[61 11]
 [12 47]]"
