Normal_test_accuracy,Normal_train_accuracy,Normal_f1_score_binary,Normal_f1_score_micro,Normal_test_auc_score,Normal_train_auc_score,Normal_precision,Normal_recall,Normal_cm,SMOTE_test_accuracy,SMOTE_train_accuracy,SMOTE_f1_score_binary,SMOTE_f1_score_micro,SMOTE_test_auc_score,SMOTE_train_auc_score,SMOTE_precision,SMOTE_recall,SMOTE_cm,GAN_test_accuracy,GAN_train_accuracy,GAN_f1_score_binary,GAN_f1_score_micro,GAN_test_auc_score,GAN_train_auc_score,GAN_precision,GAN_recall,GAN_cm,SGAN_test_accuracy,SGAN_train_accuracy,SGAN_f1_score_binary,SGAN_f1_score_micro,SGAN_test_auc_score,SGAN_train_auc_score,SGAN_precision,SGAN_recall,SGAN_cm,CTGAN_test_accuracy,CTGAN_train_accuracy,CTGAN_f1_score_binary,CTGAN_f1_score_micro,CTGAN_test_auc_score,CTGAN_train_auc_score,CTGAN_precision,CTGAN_recall,CTGAN_cm
0.7704081632653061,0.8093841642228738,0.08163265306122448,0.7704081632653061,0.5807794803464357,0.7939208378936284,0.18181818181818182,0.05263157894736842,"[[149   9]
 [ 36   2]]",0.6071428571428571,0.8312159709618875,0.3418803418803419,0.6071428571428571,0.5822784810126582,0.9404267443124363,0.25316455696202533,0.5263157894736842,"[[99 59]
 [18 20]]",0.7653061224489796,0.8702359346642469,0.20689655172413793,0.7653061224489794,0.5732844770153231,0.9453509705172248,0.3,0.15789473684210525,"[[144  14]
 [ 32   6]]",0.7704081632653061,0.8765880217785844,0.11764705882352941,0.7704081632653061,0.5827781479013989,0.9493726964008683,0.23076923076923078,0.07894736842105263,"[[148  10]
 [ 35   3]]",0.7602040816326531,0.8130671506352087,0.25396825396825395,0.760204081632653,0.5911892071952032,0.9129037783143007,0.32,0.21052631578947367,"[[141  17]
 [ 30   8]]"
