Normal_test_accuracy,Normal_train_accuracy,Normal_f1_score_binary,Normal_f1_score_micro,Normal_test_auc_score,Normal_train_auc_score,Normal_precision,Normal_recall,Normal_cm,SMOTE_test_accuracy,SMOTE_train_accuracy,SMOTE_f1_score_binary,SMOTE_f1_score_micro,SMOTE_test_auc_score,SMOTE_train_auc_score,SMOTE_precision,SMOTE_recall,SMOTE_cm,GAN_test_accuracy,GAN_train_accuracy,GAN_f1_score_binary,GAN_f1_score_micro,GAN_test_auc_score,GAN_train_auc_score,GAN_precision,GAN_recall,GAN_cm,SGAN_test_accuracy,SGAN_train_accuracy,SGAN_f1_score_binary,SGAN_f1_score_micro,SGAN_test_auc_score,SGAN_train_auc_score,SGAN_precision,SGAN_recall,SGAN_cm,CTGAN_test_accuracy,CTGAN_train_accuracy,CTGAN_f1_score_binary,CTGAN_f1_score_micro,CTGAN_test_auc_score,CTGAN_train_auc_score,CTGAN_precision,CTGAN_recall,CTGAN_cm
0.9965870307167235,0.9921798631476051,0.9949238578680203,0.9965870307167235,0.9997656982193065,0.9997110148302908,1.0,0.98989898989899,"[[194   0]
 [  1  98]]",0.9965870307167235,0.9941089837997055,0.9949748743718593,0.9965870307167235,0.9999479329376237,0.9998676907259875,0.99,1.0,"[[193   1]
 [  0  99]]",0.9965870307167235,0.9941089837997055,0.9949238578680203,0.9965870307167235,0.9997656982193065,0.9998492541878055,1.0,0.98989898989899,"[[194   0]
 [  1  98]]",0.9931740614334471,0.9933726067746687,0.98989898989899,0.9931740614334471,0.9997396646881183,0.9997906910665212,0.98989898989899,0.98989898989899,"[[193   1]
 [  1  98]]",0.9897610921501706,0.9845360824742269,0.9849246231155778,0.9897610921501706,0.9994272623138603,0.9993384536299375,0.98,0.98989898989899,"[[192   2]
 [  1  98]]"
