Normal_test_accuracy,Normal_train_accuracy,Normal_f1_score_binary,Normal_f1_score_micro,Normal_test_auc_score,Normal_train_auc_score,Normal_precision,Normal_recall,Normal_cm,SMOTE_test_accuracy,SMOTE_train_accuracy,SMOTE_f1_score_binary,SMOTE_f1_score_micro,SMOTE_test_auc_score,SMOTE_train_auc_score,SMOTE_precision,SMOTE_recall,SMOTE_cm,GAN_test_accuracy,GAN_train_accuracy,GAN_f1_score_binary,GAN_f1_score_micro,GAN_test_auc_score,GAN_train_auc_score,GAN_precision,GAN_recall,GAN_cm,SGAN_test_accuracy,SGAN_train_accuracy,SGAN_f1_score_binary,SGAN_f1_score_micro,SGAN_test_auc_score,SGAN_train_auc_score,SGAN_precision,SGAN_recall,SGAN_cm,CTGAN_test_accuracy,CTGAN_train_accuracy,CTGAN_f1_score_binary,CTGAN_f1_score_micro,CTGAN_test_auc_score,CTGAN_train_auc_score,CTGAN_precision,CTGAN_recall,CTGAN_cm
0.8125,0.8095238095238095,0.64,0.8125,0.6462121212121212,0.893328888703696,0.8,0.5333333333333333,"[[62  4]
 [14 16]]",0.6770833333333334,0.8390557939914163,0.523076923076923,0.6770833333333334,0.6613636363636364,0.9359354565381569,0.4857142857142857,0.5666666666666667,"[[48 18]
 [13 17]]",0.7604166666666666,0.8583690987124464,0.5964912280701755,0.7604166666666666,0.6643939393939393,0.9408812098215108,0.6296296296296297,0.5666666666666667,"[[56 10]
 [13 17]]",0.6979166666666666,0.8583690987124464,0.5396825396825397,0.6979166666666666,0.6563131313131313,0.9495385805595977,0.5151515151515151,0.5666666666666667,"[[50 16]
 [13 17]]",0.7395833333333334,0.8347639484978541,0.5614035087719299,0.7395833333333334,0.6457070707070707,0.9345539612076111,0.5925925925925926,0.5333333333333333,"[[55 11]
 [14 16]]"
