Normal_test_accuracy,Normal_train_accuracy,Normal_f1_score_binary,Normal_f1_score_micro,Normal_test_auc_score,Normal_train_auc_score,Normal_precision,Normal_recall,Normal_cm,SMOTE_test_accuracy,SMOTE_train_accuracy,SMOTE_f1_score_binary,SMOTE_f1_score_micro,SMOTE_test_auc_score,SMOTE_train_auc_score,SMOTE_precision,SMOTE_recall,SMOTE_cm,GAN_test_accuracy,GAN_train_accuracy,GAN_f1_score_binary,GAN_f1_score_micro,GAN_test_auc_score,GAN_train_auc_score,GAN_precision,GAN_recall,GAN_cm,SGAN_test_accuracy,SGAN_train_accuracy,SGAN_f1_score_binary,SGAN_f1_score_micro,SGAN_test_auc_score,SGAN_train_auc_score,SGAN_precision,SGAN_recall,SGAN_cm,CTGAN_test_accuracy,CTGAN_train_accuracy,CTGAN_f1_score_binary,CTGAN_f1_score_micro,CTGAN_test_auc_score,CTGAN_train_auc_score,CTGAN_precision,CTGAN_recall,CTGAN_cm
0.8922566371681416,0.9128002528445006,0.3592105263157895,0.8922566371681416,0.7766038686288004,0.9511754997820868,0.5909090909090909,0.2580340264650284,"[[7793  189]
 [ 785  273]]",0.8254424778761061,0.9426945379053618,0.45661157024793386,0.8254424778761061,0.7922007527333476,0.9935634298092775,0.3591549295774648,0.6266540642722117,"[[6799 1183]
 [ 395  663]]",0.8863938053097346,0.9478667048464458,0.37186544342507644,0.8863938053097346,0.7786696579591414,0.9927109802838485,0.5268630849220104,0.28733459357277885,"[[7709  273]
 [ 754  304]]",0.8924778761061947,0.9505691173312334,0.36387434554973824,0.8924778761061946,0.7769668663756211,0.9934781309191532,0.5914893617021276,0.2627599243856333,"[[7790  192]
 [ 780  278]]",0.8506637168141593,0.8808611926408476,0.4365609348914858,0.8506637168141593,0.8085843194446484,0.9662259551578269,0.39088191330343797,0.4943289224952741,"[[7167  815]
 [ 535  523]]"
