Normal_test_accuracy,Normal_train_accuracy,Normal_f1_score_binary,Normal_f1_score_micro,Normal_test_auc_score,Normal_train_auc_score,Normal_precision,Normal_recall,Normal_cm,SMOTE_test_accuracy,SMOTE_train_accuracy,SMOTE_f1_score_binary,SMOTE_f1_score_micro,SMOTE_test_auc_score,SMOTE_train_auc_score,SMOTE_precision,SMOTE_recall,SMOTE_cm,GAN_test_accuracy,GAN_train_accuracy,GAN_f1_score_binary,GAN_f1_score_micro,GAN_test_auc_score,GAN_train_auc_score,GAN_precision,GAN_recall,GAN_cm,SGAN_test_accuracy,SGAN_train_accuracy,SGAN_f1_score_binary,SGAN_f1_score_micro,SGAN_test_auc_score,SGAN_train_auc_score,SGAN_precision,SGAN_recall,SGAN_cm,CTGAN_test_accuracy,CTGAN_train_accuracy,CTGAN_f1_score_binary,CTGAN_f1_score_micro,CTGAN_test_auc_score,CTGAN_train_auc_score,CTGAN_precision,CTGAN_recall,CTGAN_cm
0.9433962106704712,0.9338731169700623,0.5714285714285714,0.9433962264150944,0.9130078554153442,0.8817844986915588,0.8888888888888888,0.42105263157894735,"[[192   1]
 [ 11   8]]",0.9103773832321167,0.8162962794303894,0.6122448979591837,0.910377358490566,0.8661031723022461,0.8704856038093567,0.5,0.7894736842105263,"[[178  15]
 [  4  15]]",0.37735849618911743,0.6585184931755066,0.18518518518518517,0.3773584905660377,0.5869920253753662,0.6751067638397217,0.1048951048951049,0.7894736842105263,"[[ 65 128]
 [  4  15]]",0.6367924809455872,0.682962954044342,0.2803738317757009,0.6367924528301887,0.8636488318443298,0.8032746911048889,0.17045454545454544,0.7894736842105263,"[[120  73]
 [  4  15]]",0.9245283007621765,0.9133333563804626,0.6666666666666666,0.9245283018867925,0.9316880106925964,0.9589882493019104,0.5517241379310345,0.8421052631578947,"[[180  13]
 [  3  16]]"
