Normal_test_accuracy,Normal_train_accuracy,Normal_f1_score_binary,Normal_f1_score_micro,Normal_test_auc_score,Normal_train_auc_score,Normal_precision,Normal_recall,Normal_cm,SMOTE_test_accuracy,SMOTE_train_accuracy,SMOTE_f1_score_binary,SMOTE_f1_score_micro,SMOTE_test_auc_score,SMOTE_train_auc_score,SMOTE_precision,SMOTE_recall,SMOTE_cm,GAN_test_accuracy,GAN_train_accuracy,GAN_f1_score_binary,GAN_f1_score_micro,GAN_test_auc_score,GAN_train_auc_score,GAN_precision,GAN_recall,GAN_cm,SGAN_test_accuracy,SGAN_train_accuracy,SGAN_f1_score_binary,SGAN_f1_score_micro,SGAN_test_auc_score,SGAN_train_auc_score,SGAN_precision,SGAN_recall,SGAN_cm,CTGAN_test_accuracy,CTGAN_train_accuracy,CTGAN_f1_score_binary,CTGAN_f1_score_micro,CTGAN_test_auc_score,CTGAN_train_auc_score,CTGAN_precision,CTGAN_recall,CTGAN_cm
0.9150943396226415,0.902834008097166,0.6666666666666666,0.9150943396226415,0.9515953095173164,0.9626936026936026,0.5142857142857142,0.9473684210526315,"[[176  17]
 [  1  18]]",0.8632075471698113,0.8651851851851852,0.5538461538461538,0.8632075471698113,0.9515953095173164,0.9633086419753086,0.391304347826087,0.9473684210526315,"[[165  28]
 [  1  18]]",0.9622641509433962,0.9644444444444444,0.8181818181818181,0.9622641509433962,0.9521407144805016,0.9920120713305899,0.72,0.9473684210526315,"[[186   7]
 [  1  18]]",0.9669811320754716,0.9577777777777777,0.8372093023255814,0.9669811320754716,0.9521407144805016,0.9907050754458162,0.75,0.9473684210526315,"[[187   6]
 [  1  18]]",0.9622641509433962,0.9622222222222222,0.8181818181818181,0.9622641509433962,0.9521407144805016,0.991917695473251,0.72,0.9473684210526315,"[[186   7]
 [  1  18]]"
