Normal_test_accuracy,Normal_train_accuracy,Normal_f1_score_binary,Normal_f1_score_micro,Normal_test_auc_score,Normal_train_auc_score,Normal_precision,Normal_recall,Normal_cm,SMOTE_test_accuracy,SMOTE_train_accuracy,SMOTE_f1_score_binary,SMOTE_f1_score_micro,SMOTE_test_auc_score,SMOTE_train_auc_score,SMOTE_precision,SMOTE_recall,SMOTE_cm,GAN_test_accuracy,GAN_train_accuracy,GAN_f1_score_binary,GAN_f1_score_micro,GAN_test_auc_score,GAN_train_auc_score,GAN_precision,GAN_recall,GAN_cm,SGAN_test_accuracy,SGAN_train_accuracy,SGAN_f1_score_binary,SGAN_f1_score_micro,SGAN_test_auc_score,SGAN_train_auc_score,SGAN_precision,SGAN_recall,SGAN_cm,CTGAN_test_accuracy,CTGAN_train_accuracy,CTGAN_f1_score_binary,CTGAN_f1_score_micro,CTGAN_test_auc_score,CTGAN_train_auc_score,CTGAN_precision,CTGAN_recall,CTGAN_cm
0.9528301954269409,0.9554656147956848,0.7222222222222222,0.9528301886792453,0.9117807745933533,0.8871942162513733,0.7647058823529411,0.6842105263157895,"[[189   4]
 [  6  13]]",0.9245283007621765,0.902222216129303,0.6666666666666666,0.9245283018867925,0.9105536341667175,0.9189751148223877,0.5517241379310345,0.8421052631578947,"[[180  13]
 [  3  16]]",0.7783018946647644,0.6733333468437195,0.25396825396825395,0.7783018867924528,0.7447504997253418,0.7553732991218567,0.18181818181818182,0.42105263157894735,"[[157  36]
 [ 11   8]]",0.9245283007621765,0.9548147916793823,0.6521739130434783,0.9245283018867925,0.9192801117897034,0.9698567986488342,0.5555555555555556,0.7894736842105263,"[[181  12]
 [  4  15]]",0.2783018946647644,0.4274074137210846,0.17297297297297298,0.2783018867924528,0.6206708550453186,0.5238683223724365,0.0963855421686747,0.8421052631578947,"[[ 43 150]
 [  3  16]]"
