Normal_test_accuracy,Normal_train_accuracy,Normal_f1_score_binary,Normal_f1_score_micro,Normal_test_auc_score,Normal_train_auc_score,Normal_precision,Normal_recall,Normal_cm,SMOTE_test_accuracy,SMOTE_train_accuracy,SMOTE_f1_score_binary,SMOTE_f1_score_micro,SMOTE_test_auc_score,SMOTE_train_auc_score,SMOTE_precision,SMOTE_recall,SMOTE_cm,GAN_test_accuracy,GAN_train_accuracy,GAN_f1_score_binary,GAN_f1_score_micro,GAN_test_auc_score,GAN_train_auc_score,GAN_precision,GAN_recall,GAN_cm,SGAN_test_accuracy,SGAN_train_accuracy,SGAN_f1_score_binary,SGAN_f1_score_micro,SGAN_test_auc_score,SGAN_train_auc_score,SGAN_precision,SGAN_recall,SGAN_cm,CTGAN_test_accuracy,CTGAN_train_accuracy,CTGAN_f1_score_binary,CTGAN_f1_score_micro,CTGAN_test_auc_score,CTGAN_train_auc_score,CTGAN_precision,CTGAN_recall,CTGAN_cm
0.9103773832321167,0.9109311699867249,0.0,0.910377358490566,0.6896646022796631,0.7057015299797058,,0.0,"[[193   0]
 [ 19   0]]",0.9150943160057068,0.5,0.1,0.9150943396226415,0.7555222511291504,0.8666951656341553,1.0,0.05263157894736842,"[[193   0]
 [ 18   1]]",0.9056603908538818,0.9333333373069763,0.6153846153846154,0.9056603773584906,0.925688624382019,0.9781025052070618,0.48484848484848486,0.8421052631578947,"[[176  17]
 [  3  16]]",0.9103773832321167,0.5829629898071289,0.2962962962962963,0.910377358490566,0.8821925520896912,0.937737226486206,0.5,0.21052631578947367,"[[189   4]
 [ 15   4]]",0.9245283007621765,0.8392592668533325,0.6666666666666666,0.9245283018867925,0.959503710269928,0.893535315990448,0.5517241379310345,0.8421052631578947,"[[180  13]
 [  3  16]]"
