Normal_test_accuracy,Normal_train_accuracy,Normal_f1_score_binary,Normal_f1_score_micro,Normal_test_auc_score,Normal_train_auc_score,Normal_precision,Normal_recall,Normal_cm,SMOTE_test_accuracy,SMOTE_train_accuracy,SMOTE_f1_score_binary,SMOTE_f1_score_micro,SMOTE_test_auc_score,SMOTE_train_auc_score,SMOTE_precision,SMOTE_recall,SMOTE_cm,GAN_test_accuracy,GAN_train_accuracy,GAN_f1_score_binary,GAN_f1_score_micro,GAN_test_auc_score,GAN_train_auc_score,GAN_precision,GAN_recall,GAN_cm,SGAN_test_accuracy,SGAN_train_accuracy,SGAN_f1_score_binary,SGAN_f1_score_micro,SGAN_test_auc_score,SGAN_train_auc_score,SGAN_precision,SGAN_recall,SGAN_cm,CTGAN_test_accuracy,CTGAN_train_accuracy,CTGAN_f1_score_binary,CTGAN_f1_score_micro,CTGAN_test_auc_score,CTGAN_train_auc_score,CTGAN_precision,CTGAN_recall,CTGAN_cm
0.9622641509433962,0.9811066126855601,0.7777777777777778,0.9622641509433962,0.9331878920098172,0.9704377104377104,0.8235294117647058,0.7368421052631579,"[[190   3]
 [  5  14]]",0.9528301886792453,0.9607407407407408,0.7500000000000001,0.9528301886792453,0.9419143714207798,0.9823275720164608,0.7142857142857143,0.7894736842105263,"[[187   6]
 [  4  15]]",0.9622641509433962,0.9911111111111112,0.7894736842105263,0.9622641509433962,0.9348241068993727,0.9947720164609053,0.7894736842105263,0.7894736842105263,"[[189   4]
 [  4  15]]",0.9622641509433962,0.9540740740740741,0.7894736842105263,0.9622641509433962,0.9487319334605945,0.9937777777777779,0.7894736842105263,0.7894736842105263,"[[189   4]
 [  4  15]]",0.8632075471698113,0.8992592592592593,0.5084745762711864,0.8632075471698113,0.9154622307062994,0.9596598079561043,0.375,0.7894736842105263,"[[168  25]
 [  4  15]]"
