Normal_test_accuracy,Normal_train_accuracy,Normal_f1_score_binary,Normal_f1_score_micro,Normal_test_auc_score,Normal_train_auc_score,Normal_precision,Normal_recall,Normal_cm,SMOTE_test_accuracy,SMOTE_train_accuracy,SMOTE_f1_score_binary,SMOTE_f1_score_micro,SMOTE_test_auc_score,SMOTE_train_auc_score,SMOTE_precision,SMOTE_recall,SMOTE_cm,GAN_test_accuracy,GAN_train_accuracy,GAN_f1_score_binary,GAN_f1_score_micro,GAN_test_auc_score,GAN_train_auc_score,GAN_precision,GAN_recall,GAN_cm,SGAN_test_accuracy,SGAN_train_accuracy,SGAN_f1_score_binary,SGAN_f1_score_micro,SGAN_test_auc_score,SGAN_train_auc_score,SGAN_precision,SGAN_recall,SGAN_cm,CTGAN_test_accuracy,CTGAN_train_accuracy,CTGAN_f1_score_binary,CTGAN_f1_score_micro,CTGAN_test_auc_score,CTGAN_train_auc_score,CTGAN_precision,CTGAN_recall,CTGAN_cm
0.9669811320754716,0.9851551956815114,0.8292682926829269,0.9669811320754716,0.9629124625034088,0.9992255892255892,0.7727272727272727,0.8947368421052632,"[[188   5]
 [  2  17]]",0.9716981132075472,0.9888888888888889,0.8636363636363636,0.9716981132075472,0.985001363512408,0.999599451303155,0.76,1.0,"[[187   6]
 [  0  19]]",0.9622641509433962,0.9933333333333333,0.8095238095238095,0.9622641509433962,0.9727297518407417,0.9999385459533608,0.7391304347826086,0.8947368421052632,"[[187   6]
 [  2  17]]",0.9622641509433962,0.9955555555555555,0.8095238095238095,0.9622641509433962,0.9623670575402237,0.9999440329218108,0.7391304347826086,0.8947368421052632,"[[187   6]
 [  2  17]]",0.9669811320754716,0.9933333333333333,0.8372093023255814,0.9669811320754716,0.9615489500954458,0.9998957475994512,0.75,0.9473684210526315,"[[187   6]
 [  1  18]]"
