Normal_test_accuracy,Normal_train_accuracy,Normal_f1_score_binary,Normal_f1_score_micro,Normal_test_auc_score,Normal_train_auc_score,Normal_precision,Normal_recall,Normal_cm,SMOTE_test_accuracy,SMOTE_train_accuracy,SMOTE_f1_score_binary,SMOTE_f1_score_micro,SMOTE_test_auc_score,SMOTE_train_auc_score,SMOTE_precision,SMOTE_recall,SMOTE_cm,GAN_test_accuracy,GAN_train_accuracy,GAN_f1_score_binary,GAN_f1_score_micro,GAN_test_auc_score,GAN_train_auc_score,GAN_precision,GAN_recall,GAN_cm,SGAN_test_accuracy,SGAN_train_accuracy,SGAN_f1_score_binary,SGAN_f1_score_micro,SGAN_test_auc_score,SGAN_train_auc_score,SGAN_precision,SGAN_recall,SGAN_cm,CTGAN_test_accuracy,CTGAN_train_accuracy,CTGAN_f1_score_binary,CTGAN_f1_score_micro,CTGAN_test_auc_score,CTGAN_train_auc_score,CTGAN_precision,CTGAN_recall,CTGAN_cm
0.9811320754716981,0.9743589743589743,0.8888888888888888,0.9811320754716981,0.9470957185710389,0.9601571268237934,0.9411764705882353,0.8421052631578947,"[[192   1]
 [  3  16]]",0.9764150943396226,0.9392592592592592,0.8717948717948718,0.9764150943396226,0.9490046359421871,0.9716148148148148,0.85,0.8947368421052632,"[[190   3]
 [  2  17]]",0.9858490566037735,0.9629629629629629,0.918918918918919,0.9858490566037735,0.930733569675484,0.9859818930041152,0.9444444444444444,0.8947368421052632,"[[192   1]
 [  2  17]]",0.9481132075471698,0.9481481481481482,0.7555555555555555,0.9481132075471698,0.9563676029451866,0.9862869684499315,0.6538461538461539,0.8947368421052632,"[[184   9]
 [  2  17]]",0.8254716981132075,0.8859259259259259,0.463768115942029,0.8254716981132075,0.8999181892555222,0.9508082304526749,0.32,0.8421052631578947,"[[159  34]
 [  3  16]]"
