Normal_test_accuracy,Normal_train_accuracy,Normal_f1_score_binary,Normal_f1_score_micro,Normal_test_auc_score,Normal_train_auc_score,Normal_precision,Normal_recall,Normal_cm,SMOTE_test_accuracy,SMOTE_train_accuracy,SMOTE_f1_score_binary,SMOTE_f1_score_micro,SMOTE_test_auc_score,SMOTE_train_auc_score,SMOTE_precision,SMOTE_recall,SMOTE_cm,GAN_test_accuracy,GAN_train_accuracy,GAN_f1_score_binary,GAN_f1_score_micro,GAN_test_auc_score,GAN_train_auc_score,GAN_precision,GAN_recall,GAN_cm,SGAN_test_accuracy,SGAN_train_accuracy,SGAN_f1_score_binary,SGAN_f1_score_micro,SGAN_test_auc_score,SGAN_train_auc_score,SGAN_precision,SGAN_recall,SGAN_cm,CTGAN_test_accuracy,CTGAN_train_accuracy,CTGAN_f1_score_binary,CTGAN_f1_score_micro,CTGAN_test_auc_score,CTGAN_train_auc_score,CTGAN_precision,CTGAN_recall,CTGAN_cm
0.9716981053352356,0.9811066389083862,0.8235294117647058,0.9716981132075472,0.8937823176383972,0.9062290191650391,0.9333333333333333,0.7368421052631579,"[[192   1]
 [  5  14]]",0.9716981053352356,0.9348148107528687,0.8235294117647058,0.9716981132075472,0.918734610080719,0.9794973731040955,0.9333333333333333,0.7368421052631579,"[[192   1]
 [  5  14]]",0.9575471878051758,0.9792592525482178,0.7804878048780488,0.9575471698113207,0.9210526943206787,0.9928120374679565,0.7272727272727273,0.8421052631578947,"[[187   6]
 [  3  16]]",0.9716981053352356,0.9859259128570557,0.8235294117647058,0.9716981132075472,0.9206435680389404,0.9911714792251587,0.9333333333333333,0.7368421052631579,"[[192   1]
 [  5  14]]",0.9716981053352356,0.9837037324905396,0.8235294117647058,0.9716981132075472,0.9115080237388611,0.9944065809249878,0.9333333333333333,0.7368421052631579,"[[192   1]
 [  5  14]]"
