Normal_test_accuracy,Normal_train_accuracy,Normal_f1_score_binary,Normal_f1_score_micro,Normal_test_auc_score,Normal_train_auc_score,Normal_precision,Normal_recall,Normal_cm,SMOTE_test_accuracy,SMOTE_train_accuracy,SMOTE_f1_score_binary,SMOTE_f1_score_micro,SMOTE_test_auc_score,SMOTE_train_auc_score,SMOTE_precision,SMOTE_recall,SMOTE_cm,GAN_test_accuracy,GAN_train_accuracy,GAN_f1_score_binary,GAN_f1_score_micro,GAN_test_auc_score,GAN_train_auc_score,GAN_precision,GAN_recall,GAN_cm,SGAN_test_accuracy,SGAN_train_accuracy,SGAN_f1_score_binary,SGAN_f1_score_micro,SGAN_test_auc_score,SGAN_train_auc_score,SGAN_precision,SGAN_recall,SGAN_cm,CTGAN_test_accuracy,CTGAN_train_accuracy,CTGAN_f1_score_binary,CTGAN_f1_score_micro,CTGAN_test_auc_score,CTGAN_train_auc_score,CTGAN_precision,CTGAN_recall,CTGAN_cm
0.9811320900917053,0.9797570705413818,0.8947368421052632,0.9811320754716981,0.9446412920951843,0.9365544319152832,0.8947368421052632,0.8947368421052632,"[[191   2]
 [  2  17]]",0.9764150977134705,0.9466666579246521,0.8717948717948718,0.9764150943396226,0.960867166519165,0.9718529582023621,0.85,0.8947368421052632,"[[190   3]
 [  2  17]]",0.9811320900917053,0.9637036919593811,0.8947368421052632,0.9811320754716981,0.9391872882843018,0.9892149567604065,0.8947368421052632,0.8947368421052632,"[[191   2]
 [  2  17]]",0.9811320900917053,0.9251852035522461,0.8947368421052632,0.9811320754716981,0.9187346696853638,0.9916872382164001,0.8947368421052632,0.8947368421052632,"[[191   2]
 [  2  17]]",0.9764150977134705,0.9777777791023254,0.8717948717948718,0.9764150943396226,0.965366780757904,0.9921976327896118,0.85,0.8947368421052632,"[[190   3]
 [  2  17]]"
